combination,train_Accuracy,test_Accuracy,colsample_bytree,learning_rate,max_depth,alpha,n_estimators
1,0.6064307152833497,0.5996671817425413,0.1,0.001,3,1,10
2,0.6064604320822561,0.5996671817425413,0.1,0.001,3,1,50
3,0.6064307152833497,0.5996671817425413,0.1,0.001,3,1,100
4,0.6064307152833497,0.5996671817425413,0.1,0.001,3,10,10
5,0.6064307152833497,0.5996671817425413,0.1,0.001,3,10,50
6,0.6064307152833497,0.5996671817425413,0.1,0.001,3,10,100
7,0.6064307152833497,0.5996671817425413,0.1,0.001,3,100,10
8,0.6064307152833497,0.5996671817425413,0.1,0.001,3,100,50
9,0.6064307152833497,0.5996671817425413,0.1,0.001,3,100,100
10,0.6083325904133606,0.6013312730298348,0.1,0.001,5,1,10
11,0.6069359008647588,0.5999049090692975,0.1,0.001,5,1,50
12,0.6067873168702267,0.5997860454059194,0.1,0.001,5,1,100
13,0.6066684496746011,0.5996671817425413,0.1,0.001,5,10,10
14,0.606519865680069,0.5996671817425413,0.1,0.001,5,10,50
15,0.606519865680069,0.5996671817425413,0.1,0.001,5,10,100
16,0.6064307152833497,0.5996671817425413,0.1,0.001,5,100,10
17,0.6064307152833497,0.5996671817425413,0.1,0.001,5,100,50
18,0.6064307152833497,0.5996671817425413,0.1,0.001,5,100,100
19,0.6099967311521203,0.602757636990372,0.1,0.001,8,1,10
20,0.6083325904133606,0.6001426363960537,0.1,0.001,8,1,50
21,0.6081542896199221,0.6000237727326756,0.1,0.001,8,1,100
22,0.6071142016581974,0.5997860454059194,0.1,0.001,8,10,10
23,0.6065792992778818,0.5996671817425413,0.1,0.001,8,10,50
24,0.6065495824789754,0.5996671817425413,0.1,0.001,8,10,100
25,0.6064307152833497,0.5996671817425413,0.1,0.001,8,100,10
26,0.6064307152833497,0.5996671817425413,0.1,0.001,8,100,50
27,0.6064307152833497,0.5996671817425413,0.1,0.001,8,100,100
28,0.610680217526968,0.6028765006537502,0.1,0.001,10,1,10
29,0.6092538111794598,0.6003803637228099,0.1,0.001,10,1,50
30,0.608778342396957,0.6001426363960537,0.1,0.001,10,1,100
31,0.6071142016581974,0.5997860454059194,0.1,0.001,10,10,10
32,0.6065792992778818,0.5996671817425413,0.1,0.001,10,10,50
33,0.6065495824789754,0.5996671817425413,0.1,0.001,10,10,100
34,0.6064307152833497,0.5996671817425413,0.1,0.001,10,100,10
35,0.6064307152833497,0.5996671817425413,0.1,0.001,10,100,50
36,0.6064307152833497,0.5996671817425413,0.1,0.001,10,100,100
37,0.6064307152833497,0.5996671817425413,0.1,0.01,3,1,10
38,0.6066684496746011,0.5999049090692975,0.1,0.01,3,1,50
39,0.6077679712341386,0.6001426363960537,0.1,0.01,3,1,100
40,0.6064307152833497,0.5996671817425413,0.1,0.01,3,10,10
41,0.606519865680069,0.5997860454059194,0.1,0.01,3,10,50
42,0.6072925024516359,0.6000237727326756,0.1,0.01,3,10,100
43,0.6064307152833497,0.5996671817425413,0.1,0.01,3,100,10
44,0.6064307152833497,0.5996671817425413,0.1,0.01,3,100,50
45,0.6064307152833497,0.5996671817425413,0.1,0.01,3,100,100
46,0.6088377759947698,0.6022821823368596,0.1,0.01,5,1,10
47,0.6092538111794598,0.6018067276833472,0.1,0.01,5,1,50
48,0.6124335086624468,0.6041840009509093,0.1,0.01,5,1,100
49,0.6069061840658524,0.5996671817425413,0.1,0.01,5,10,10
50,0.6071736352560102,0.6001426363960537,0.1,0.01,5,10,50
51,0.6091943775816469,0.6014501366932129,0.1,0.01,5,10,100
52,0.6064307152833497,0.5996671817425413,0.1,0.01,5,100,10
53,0.6064307152833497,0.5996671817425413,0.1,0.01,5,100,50
54,0.6064307152833497,0.5996671817425413,0.1,0.01,5,100,100
55,0.6108585183204065,0.6032330916438845,0.1,0.01,8,1,10
56,0.6126712430536982,0.6026387733269939,0.1,0.01,8,1,50
57,0.6165047101126266,0.6067990015452276,0.1,0.01,8,1,100
58,0.6073519360494487,0.6000237727326756,0.1,0.01,8,10,10
59,0.607649104038513,0.6002615000594318,0.1,0.01,8,10,50
60,0.6099670143532139,0.6019255913467253,0.1,0.01,8,10,100
61,0.6064307152833497,0.5996671817425413,0.1,0.01,8,100,10
62,0.6064307152833497,0.5996671817425413,0.1,0.01,8,100,50
63,0.6064307152833497,0.5996671817425413,0.1,0.01,8,100,100
64,0.6114825710974414,0.6034708189706407,0.1,0.01,10,1,10
65,0.6139787822055808,0.6033519553072626,0.1,0.01,10,1,50
66,0.6182580012481056,0.6067990015452276,0.1,0.01,10,1,100
67,0.6073519360494487,0.6000237727326756,0.1,0.01,10,10,10
68,0.607649104038513,0.6003803637228099,0.1,0.01,10,10,50
69,0.6100264479510267,0.6019255913467253,0.1,0.01,10,10,100
70,0.6064307152833497,0.5996671817425413,0.1,0.01,10,100,10
71,0.6064307152833497,0.5996671817425413,0.1,0.01,10,100,50
72,0.6064307152833497,0.5996671817425413,0.1,0.01,10,100,100
73,0.6105613503313423,0.603827409960775,0.1,0.1,3,1,10
74,0.6726397432468575,0.6657553785807678,0.1,0.1,3,1,50
75,0.7141243945202222,0.7058124331391894,0.1,0.1,3,1,100
76,0.6088080591958634,0.6008558183763224,0.1,0.1,3,10,10
77,0.6705298505245015,0.6634969689765838,0.1,0.1,3,10,50
78,0.7107366794448902,0.703197432544871,0.1,0.1,3,10,100
79,0.6064307152833497,0.5996671817425413,0.1,0.1,3,100,10
80,0.6514219488276722,0.6461428741233805,0.1,0.1,3,100,50
81,0.6938278208671362,0.6865565196719363,0.1,0.1,3,100,100
82,0.614840569373867,0.6075121835254963,0.1,0.1,5,1,10
83,0.6867552227274079,0.6739569713538571,0.1,0.1,5,1,50
84,0.7321030578586075,0.7096160703672887,0.1,0.1,5,1,100
85,0.612938694243856,0.6056103649114466,0.1,0.1,5,10,10
86,0.6802769605658079,0.6714608344229169,0.1,0.1,5,10,50
87,0.7216724614424535,0.7064067514560799,0.1,0.1,5,10,100
88,0.6064604320822561,0.5996671817425413,0.1,0.1,5,100,10
89,0.6540370271314374,0.6480446927374302,0.1,0.1,5,100,50
90,0.6967103503610591,0.6895281112563889,0.1,0.1,5,100,100
91,0.6179905500579478,0.6084630928325211,0.1,0.1,8,1,10
92,0.7019405069685893,0.6774040175918222,0.1,0.1,8,1,50
93,0.7610175031945559,0.7097349340306668,0.1,0.1,8,1,100
94,0.6132358622329203,0.606085819564959,0.1,0.1,8,10,10
95,0.6838429764345785,0.6736003803637228,0.1,0.1,8,10,50
96,0.7258922468871654,0.708784024723642,0.1,0.1,8,10,100
97,0.6064604320822561,0.5996671817425413,0.1,0.1,8,100,10
98,0.6543341951205016,0.6480446927374302,0.1,0.1,8,100,50
99,0.696561766366527,0.6897658385831451,0.1,0.1,8,100,100
100,0.6193575228076431,0.6089385474860335,0.1,0.1,10,1,10
101,0.7126385545749012,0.6762153809580411,0.1,0.1,10,1,50
102,0.7823541648093667,0.7097349340306668,0.1,0.1,10,1,100
103,0.613354729428546,0.6062046832283371,0.1,0.1,10,10,10
104,0.6841104276247363,0.6740758350172352,0.1,0.1,10,10,50
105,0.726219131675136,0.7080708427433734,0.1,0.1,10,10,100
106,0.6064604320822561,0.5996671817425413,0.1,0.1,10,100,10
107,0.6543341951205016,0.6480446927374302,0.1,0.1,10,100,50
108,0.696561766366527,0.689646974919767,0.1,0.1,10,100,100
109,0.6902618049983655,0.6822774277903245,0.1,1.0,3,1,10
110,0.7825027488038988,0.7606085819564959,0.1,1.0,3,1,50
111,0.8019375352886987,0.7715440389872816,0.1,1.0,3,1,100
112,0.6883302130694482,0.6822774277903245,0.1,1.0,3,10,10
113,0.7748655314849484,0.7589444906692024,0.1,1.0,3,10,50
114,0.7902291165195685,0.7689290383929632,0.1,1.0,3,10,100
115,0.672045407268729,0.664804469273743,0.1,1.0,3,100,10
116,0.7517755787346587,0.748246760965173,0.1,1.0,3,100,50
117,0.760185432825176,0.7553785807678592,0.1,1.0,3,100,100
118,0.7043772844789159,0.6840603827409961,0.1,1.0,5,1,10
119,0.8146563252206472,0.7547842624509687,0.1,1.0,5,1,50
120,0.8562895604885442,0.7590633543325805,0.1,1.0,5,1,100
121,0.6953730944102702,0.6852490193747771,0.1,1.0,5,10,10
122,0.7872871534278327,0.7578747176987994,0.1,1.0,5,10,50
123,0.8066327895159133,0.7648876738381077,0.1,1.0,5,10,100
124,0.6731152120293602,0.6669440152145489,0.1,1.0,5,100,10
125,0.7545392410329559,0.7477713063116606,0.1,1.0,5,100,50
126,0.7623547591453449,0.755140853441103,0.1,1.0,5,100,100
127,0.7324299426465781,0.6802567455128967,0.1,1.0,8,1,10
128,0.8845502362485513,0.7412338048258648,0.1,1.0,8,1,50
129,0.9359900151555675,0.7456317603708547,0.1,1.0,8,1,100
130,0.6999494814418591,0.6845358373945085,0.1,1.0,8,10,10
131,0.7979554842352382,0.7588256270058243,0.1,1.0,8,10,50
132,0.8211345873822472,0.7636990372043266,0.1,1.0,8,10,100
133,0.6739769991976464,0.6668251515511708,0.1,1.0,8,100,10
134,0.7535883034679505,0.7475335789849044,0.1,1.0,8,100,50
135,0.761938723960655,0.7549031261143468,0.1,1.0,8,100,100
136,0.7589373272711064,0.6756210626411506,0.1,1.0,10,1,10
137,0.9249056491634721,0.7345774396766909,0.1,1.0,10,1,50
138,0.9682030251701287,0.745037442053964,0.1,1.0,10,1,100
139,0.7005141006210811,0.6826340187804588,0.1,1.0,10,10,10
140,0.7998573593652492,0.7568049447283965,0.1,1.0,10,10,50
141,0.825562390419304,0.7615594912635207,0.1,1.0,10,10,100
142,0.6739769991976464,0.6668251515511708,0.1,1.0,10,100,10
143,0.7539746218537339,0.7477713063116606,0.1,1.0,10,100,50
144,0.7612552375858073,0.7546653987875906,0.1,1.0,10,100,100
145,0.659920953314909,0.6554142398668727,0.3,0.001,3,1,10
146,0.6556417342723841,0.6507785569951265,0.3,0.001,3,1,50
147,0.6550473982942557,0.6498276476881018,0.3,0.001,3,1,100
148,0.6605152892930374,0.6555331035302508,0.3,0.001,3,10,10
149,0.6548393807019108,0.6495899203613456,0.3,0.001,3,10,50
150,0.6537695759412796,0.6492333293712113,0.3,0.001,3,10,100
151,0.6497875248878191,0.6442410555093308,0.3,0.001,3,100,10
152,0.6477073489643695,0.6406751456079877,0.3,0.001,3,100,50
153,0.6473507473774925,0.6415071912516344,0.3,0.001,3,100,100
154,0.6789694214139252,0.6719362890764293,0.3,0.001,5,1,10
155,0.6772755638762592,0.6711042434327826,0.3,0.001,5,1,50
156,0.6785831030281418,0.671579698086295,0.3,0.001,5,1,100
157,0.6757600071320318,0.6699156067990015,0.3,0.001,5,10,10
158,0.6723128584588868,0.668251515511708,0.3,0.001,5,10,50
159,0.6736203976107694,0.669321288482111,0.3,0.001,5,10,100
160,0.6563252206472319,0.6505408296683703,0.3,0.001,5,100,10
161,0.6537101423434668,0.647806965410674,0.3,0.001,5,100,50
162,0.6543341951205016,0.647925829074052,0.3,0.001,5,100,100
163,0.7019107901696829,0.6822774277903245,0.3,0.001,8,1,10
164,0.7055065228373599,0.6837037917508617,0.3,0.001,8,1,50
165,0.7078541499509673,0.6847735647212647,0.3,0.001,8,1,100
166,0.6852099491842739,0.676096517294663,0.3,0.001,8,10,10
167,0.6861311699503729,0.6762153809580411,0.3,0.001,8,10,50
168,0.6886273810585124,0.6770474266016878,0.3,0.001,8,10,100
169,0.657603043000208,0.6529181029359324,0.3,0.001,8,100,10
170,0.6552851326855071,0.6487578747176987,0.3,0.001,8,100,50
171,0.6563549374461383,0.6489956020444551,0.3,0.001,8,100,100
172,0.7203649222905708,0.6866753833353144,0.3,0.001,10,1,10
173,0.7246441413330956,0.6876262926423392,0.3,0.001,10,1,50
174,0.7277644052182699,0.688458338285986,0.3,0.001,10,1,100
175,0.6875575762978812,0.6766908356115535,0.3,0.001,10,10,10
176,0.6890434162432023,0.6776417449185784,0.3,0.001,10,10,50
177,0.6913613265579032,0.6790681088791156,0.3,0.001,10,10,100
178,0.6576921933969273,0.6529181029359324,0.3,0.001,10,100,10
179,0.6555228670767584,0.648876738381077,0.3,0.001,10,100,50
180,0.656473804641764,0.6491144657078332,0.3,0.001,10,100,100
181,0.6623577308252355,0.6588612861048377,0.3,0.01,3,1,10
182,0.6656860123027547,0.6633781053132057,0.3,0.01,3,1,50
183,0.6757600071320318,0.6728871983834542,0.3,0.01,3,1,100
184,0.663308668390241,0.659217877094972,0.3,0.01,3,10,10
185,0.6631303675968024,0.6599310590752407,0.3,0.01,3,10,50
186,0.6745713351757748,0.6720551527398074,0.3,0.01,3,10,100
187,0.6515408160232979,0.6463806014501366,0.3,0.01,3,100,10
188,0.6565629550384833,0.6514917389753953,0.3,0.01,3,100,50
189,0.6657454459005676,0.6601687864019969,0.3,0.01,3,100,100
190,0.6810198805384684,0.6733626530369666,0.3,0.01,5,1,10
191,0.6895486018246114,0.6809699274931653,0.3,0.01,5,1,50
192,0.7023862589521856,0.6926185665042197,0.3,0.01,5,1,100
193,0.6777213158598556,0.6714608344229169,0.3,0.01,5,10,10
194,0.6840509940269234,0.6778794722453346,0.3,0.01,5,10,50
195,0.6976612879260646,0.6892903839296327,0.3,0.01,5,10,100
196,0.6583459629728685,0.6532746939260669,0.3,0.01,5,100,10
197,0.6629520668033639,0.6582669677879472,0.3,0.01,5,100,50
198,0.6737689816053015,0.6689646974919767,0.3,0.01,5,100,100
199,0.7042881340821967,0.6848924283846428,0.3,0.01,8,1,10
200,0.719176250334314,0.6936883394746226,0.3,0.01,8,1,50
201,0.7346587025645598,0.7039106145251397,0.3,0.01,8,1,100
202,0.6876170098956941,0.6772851539284441,0.3,0.01,8,10,10
203,0.6981961903063802,0.6858433376916676,0.3,0.01,8,10,50
204,0.7127277049716204,0.6955901580886723,0.3,0.01,8,10,100
205,0.6603369884995989,0.6558896945203851,0.3,0.01,8,100,10
206,0.6650619595257199,0.6605253773921312,0.3,0.01,8,100,50
207,0.6757005735342189,0.6695590158088672,0.3,0.01,8,100,100
208,0.7226233990074589,0.6870319743254487,0.3,0.01,10,1,10
209,0.7414638495141304,0.6967787947224533,0.3,0.01,10,1,50
210,0.7587590264776678,0.7072387970997266,0.3,0.01,10,1,100
211,0.6898160530147692,0.6790681088791156,0.3,0.01,10,10,10
212,0.7014353213871801,0.6871508379888268,0.3,0.01,10,10,50
213,0.716709756025081,0.696422203732319,0.3,0.01,10,10,100
214,0.6604261388963181,0.6560085581837632,0.3,0.01,10,100,10
215,0.6652996939169713,0.6605253773921312,0.3,0.01,10,100,50
216,0.6761760423167217,0.6694401521454891,0.3,0.01,10,100,100
217,0.6807524293483106,0.6777606085819565,0.3,0.1,3,1,10
218,0.7392945231939615,0.7307738024485915,0.3,0.1,3,1,50
219,0.7701405604588274,0.7617972185902769,0.3,0.1,3,1,100
220,0.6783750854357968,0.6746701533341257,0.3,0.1,3,10,10
221,0.7387001872158331,0.730179484131701,0.3,0.1,3,10,50
222,0.7669905797747467,0.7606085819564959,0.3,0.1,3,10,100
223,0.669370895367151,0.6644478782836087,0.3,0.1,3,100,10
224,0.7225045318118333,0.7149649352193035,0.3,0.1,3,100,50
225,0.753766604261389,0.7445619874004517,0.3,0.1,3,100,100
226,0.7008112686101453,0.6917865208605729,0.3,0.1,5,1,10
227,0.7680901013342842,0.7503863069059789,0.3,0.1,5,1,50
228,0.7950432379424088,0.7689290383929632,0.3,0.1,5,1,100
229,0.6963834655730885,0.6882206109592298,0.3,0.1,5,10,10
230,0.7611363703901816,0.7472958516581482,0.3,0.1,5,10,50
231,0.7853258447000089,0.7678592654225603,0.3,0.1,5,10,100
232,0.6769189622893822,0.6721740164031855,0.3,0.1,5,100,10
233,0.7321624914564203,0.7231665279923927,0.3,0.1,5,100,50
234,0.7615821223737779,0.7503863069059789,0.3,0.1,5,100,100
235,0.728834209978901,0.6987994769998811,0.3,0.1,8,1,10
236,0.8157261299812785,0.7513372162130036,0.3,0.1,8,1,50
237,0.8622329202698286,0.7660763104718887,0.3,0.1,8,1,100
238,0.7080621675433122,0.6955901580886723,0.3,0.1,8,10,10
239,0.7762622210335502,0.7487222156186853,0.3,0.1,8,10,50
240,0.8026804552613592,0.7653631284916201,0.3,0.1,8,10,100
241,0.6778698998543877,0.6720551527398074,0.3,0.1,8,100,10
242,0.7347181361623726,0.7235231189825271,0.3,0.1,8,100,50
243,0.7639000326884788,0.751693807203138,0.3,0.1,8,100,100
244,0.753201985082167,0.7060501604659456,0.3,0.1,10,1,10
245,0.8606876467266946,0.7491976702721977,0.3,0.1,10,1,50
246,0.9178330510237437,0.7665517651254011,0.3,0.1,10,1,100
247,0.7113607322219251,0.6976108403661001,0.3,0.1,10,10,10
248,0.7814329440432677,0.749435397598954,0.3,0.1,10,10,50
249,0.8098124869989005,0.765244264828242,0.3,0.1,10,10,100
250,0.6780184838489198,0.6722928800665636,0.3,0.1,10,100,10
251,0.7352233217437818,0.7248306192796862,0.3,0.1,10,100,50
252,0.7643160678731687,0.7508617615594912,0.3,0.1,10,100,100
253,0.7582538408962587,0.7447997147272079,0.3,1.0,3,1,10
254,0.8017592344952602,0.7721383573041721,0.3,1.0,3,1,50
255,0.821966657751627,0.7757042672055152,0.3,1.0,3,1,100
256,0.7568868681465633,0.7436110780934269,0.3,1.0,3,10,10
257,0.7937654155894327,0.7741590395815999,0.3,1.0,3,10,50
258,0.8057115687498143,0.7768929038392963,0.3,1.0,3,10,100
259,0.7440194942200826,0.7349340306668252,0.3,1.0,3,100,10
260,0.770675462839143,0.7661951741352668,0.3,1.0,3,100,50
261,0.7730230899527503,0.7665517651254011,0.3,1.0,3,100,100
262,0.7801551216902916,0.7541899441340782,0.3,1.0,5,1,10
263,0.8564678612819827,0.765244264828242,0.3,1.0,5,1,50
264,0.9077887729933731,0.7638179008677047,0.3,1.0,5,1,100
265,0.7694273572850733,0.753833353143944,0.3,1.0,5,10,10
266,0.8169445187364417,0.7701176750267443,0.3,1.0,5,10,50
267,0.8450268937030103,0.7688101747295851,0.3,1.0,5,10,100
268,0.7499925708002734,0.7401640318554618,0.3,1.0,5,100,10
269,0.7754301506641704,0.7666706287887792,0.3,1.0,5,100,50
270,0.7768565570116787,0.7679781290859384,0.3,1.0,5,100,100
271,0.8396184363020416,0.7436110780934269,0.3,1.0,8,1,10
272,0.969421413925292,0.756091762748128,0.3,1.0,8,1,50
273,0.9971174705060771,0.7566860810650184,0.3,1.0,8,1,100
274,0.7875546046179905,0.7544276714608344,0.3,1.0,8,10,10
275,0.86205461947639,0.7682158564126946,0.3,1.0,8,10,50
276,0.8987548661258209,0.7653631284916201,0.3,1.0,8,10,100
277,0.7514784107455945,0.741471532152621,0.3,1.0,8,100,10
278,0.7780452289679356,0.7672649471056698,0.3,1.0,8,100,50
279,0.7787584321416897,0.7673838107690479,0.3,1.0,8,100,100
280,0.8932572583281329,0.7394508498751932,0.3,1.0,10,1,10
281,0.9953641793705982,0.7552597171044811,0.3,1.0,10,1,50
282,0.9999702832010936,0.7550219897777249,0.3,1.0,10,1,100
283,0.7944489019642804,0.7532390348270533,0.3,1.0,10,10,10
284,0.880092716412588,0.7657197194817544,0.3,1.0,10,10,50
285,0.9155151407090428,0.7663140377986449,0.3,1.0,10,10,100
286,0.7522510475171614,0.7411149411624867,0.3,1.0,10,100,10
287,0.7775697601854328,0.7671460834422917,0.3,1.0,10,100,50
288,0.7783126801580934,0.7669083561155354,0.3,1.0,10,100,100
289,0.6893405842322665,0.6897658385831451,0.5,0.001,3,1,10
290,0.6929066001010371,0.689646974919767,0.5,0.001,3,1,50
291,0.6968886511544976,0.6922619755140853,0.5,0.001,3,1,100
292,0.6894297346289857,0.6883394746226079,0.5,0.001,3,10,10
293,0.690707556981962,0.6863187923451801,0.5,0.001,3,10,50
294,0.6969778015512169,0.6928562938309759,0.5,0.001,3,10,100
295,0.6756114231374997,0.6724117437299417,0.5,0.001,3,100,10
296,0.6799203589789308,0.6756210626411506,0.5,0.001,3,100,50
297,0.684585896407239,0.6807322001664091,0.5,0.001,3,100,100
298,0.714035244123503,0.7068822061095923,0.5,0.001,5,1,10
299,0.7285073251909304,0.7191251634375372,0.5,0.001,5,1,50
300,0.733202579418145,0.7237608463092833,0.5,0.001,5,1,100
301,0.7101720602656681,0.704267205515274,0.5,0.001,5,10,10
302,0.7239309381593415,0.7142517532390348,0.5,0.001,5,10,50
303,0.729458262755936,0.7192440271009153,0.5,0.001,5,10,100
304,0.6877655938902262,0.6848924283846428,0.5,0.001,5,100,10
305,0.6961160143829307,0.6917865208605729,0.5,0.001,5,100,50
306,0.7004546670232683,0.6958278854154285,0.5,0.001,5,100,100
307,0.7497548364090221,0.7237608463092833,0.5,0.001,8,1,10
308,0.7699325428664824,0.7407583501723524,0.5,0.001,8,1,50
309,0.7740037443166622,0.7443242600736955,0.5,0.001,8,1,100
310,0.732281358652046,0.7167478901699751,0.5,0.001,8,10,10
311,0.7513595435499688,0.7307738024485915,0.5,0.001,8,10,50
312,0.7553415946034293,0.7365981219541187,0.5,0.001,8,10,100
313,0.6924311313185344,0.6878640199690954,0.5,0.001,8,100,10
314,0.7027428605390628,0.6967787947224533,0.5,0.001,8,100,50
315,0.7061900092122076,0.7003447046237965,0.5,0.001,8,100,100
316,0.7781046625657484,0.7253060739331986,0.5,0.001,10,1,10
317,0.7981337850286767,0.7433733507666707,0.5,0.001,10,1,50
318,0.8023238536744822,0.7477713063116606,0.5,0.001,10,1,100
319,0.7383138688300497,0.7181742541305123,0.5,0.001,10,10,10
320,0.7590859112656385,0.7330322120527755,0.5,0.001,10,10,50
321,0.7615821223737779,0.7382622132414121,0.5,0.001,10,10,100
322,0.6926985825086922,0.6876262926423392,0.5,0.001,10,100,10
323,0.7034263469139105,0.6965410673956971,0.5,0.001,10,100,50
324,0.7069329291848682,0.7004635682871746,0.5,0.001,10,100,100
325,0.6887165314552316,0.6877451563057173,0.5,0.01,3,1,10
326,0.702475409348905,0.6976108403661001,0.5,0.01,3,1,50
327,0.7152833496775727,0.711042434327826,0.5,0.01,3,1,100
328,0.6892514338355472,0.6877451563057173,0.5,0.01,3,10,10
329,0.7002169326320169,0.6960656127421847,0.5,0.01,3,10,50
330,0.7133220409497489,0.7090217520503982,0.5,0.01,3,10,100
331,0.6765029271046923,0.6730060620468323,0.5,0.01,3,100,10
332,0.6900537874060206,0.6853678830381552,0.5,0.01,3,100,50
333,0.7003952334254554,0.695233567098538,0.5,0.01,3,100,100
334,0.71480788089507,0.7071199334363485,0.5,0.01,5,1,10
335,0.7383138688300497,0.7273267562106264,0.5,0.01,5,1,50
336,0.7497845532079285,0.7380244859146559,0.5,0.01,5,1,100
337,0.7113904490208315,0.7040294781885178,0.5,0.01,5,10,10
338,0.734391251374402,0.7235231189825271,0.5,0.01,5,10,50
339,0.7450001485839945,0.7368358492808749,0.5,0.01,5,10,100
340,0.6892514338355472,0.6865565196719363,0.5,0.01,5,100,10
341,0.7061900092122076,0.7023653869012243,0.5,0.01,5,100,50
342,0.7173040920032094,0.7105669796743136,0.5,0.01,5,100,100
343,0.7509732251641853,0.7229288006656365,0.5,0.01,8,1,10
344,0.7793527681198181,0.7455128967074766,0.5,0.01,8,1,50
345,0.7900210989272236,0.7552597171044811,0.5,0.01,8,1,100
346,0.73382663219518,0.7182931177938904,0.5,0.01,8,10,10
347,0.7579863897061009,0.7409960774991086,0.5,0.01,8,10,50
348,0.7690707556981962,0.750624034232735,0.5,0.01,8,10,100
349,0.6925499985141601,0.6889337929394984,0.5,0.01,8,100,10
350,0.712341386585837,0.708784024723642,0.5,0.01,8,100,50
351,0.7244361237407506,0.7147272078925473,0.5,0.01,8,100,100
352,0.7801551216902916,0.7261381195768454,0.5,0.01,10,1,10
353,0.8100799381890583,0.7477713063116606,0.5,0.01,10,1,50
354,0.8247303200499242,0.756091762748128,0.5,0.01,10,1,100
355,0.7407803631392826,0.7204326637346963,0.5,0.01,10,10,10
356,0.7644943686666072,0.741471532152621,0.5,0.01,10,10,50
357,0.7754301506641704,0.7501485795792227,0.5,0.01,10,10,100
358,0.6930254672966628,0.6883394746226079,0.5,0.01,10,100,10
359,0.7139163769278773,0.7089028883870201,0.5,0.01,10,100,50
360,0.7253870613057561,0.7149649352193035,0.5,0.01,10,100,100
361,0.7026537101423435,0.7014144775941995,0.5,0.1,3,1,10
362,0.7559953641793706,0.750624034232735,0.5,0.1,3,1,50
363,0.7777183441799649,0.7707119933436348,0.5,0.1,3,1,100
364,0.7015541885828058,0.7007012956139308,0.5,0.1,3,10,10
365,0.7543015066417046,0.7499108522524665,0.5,0.1,3,10,50
366,0.7746575138926035,0.76976108403661,0.5,0.1,3,10,100
367,0.6917773617425931,0.6904790205634138,0.5,0.1,3,100,10
368,0.7430685566550771,0.7387376678949246,0.5,0.1,3,100,50
369,0.762503343139877,0.7603708546297396,0.5,0.1,3,100,100
370,0.7303200499242222,0.7205515273980744,0.5,0.1,5,1,10
371,0.7844046239339099,0.7699988113633662,0.5,0.1,5,1,50
372,0.802383287272295,0.7771306311660525,0.5,0.1,5,1,100
373,0.7262488484740424,0.7197194817544277,0.5,0.1,5,10,10
374,0.7803037056848237,0.7671460834422917,0.5,0.1,5,10,50
375,0.7934385308014621,0.7757042672055152,0.5,0.1,5,10,100
376,0.7030697453270334,0.7011767502674432,0.5,0.1,5,100,10
377,0.7543015066417046,0.7455128967074766,0.5,0.1,5,100,50
378,0.7740037443166622,0.7612029002733864,0.5,0.1,5,100,100
379,0.7686844373124128,0.7345774396766909,0.5,0.1,8,1,10
380,0.8384891979435976,0.7679781290859384,0.5,0.1,8,1,50
381,0.8724257822947312,0.7746344942351123,0.5,0.1,8,1,100
382,0.7467831565183798,0.731368120765482,0.5,0.1,8,10,10
383,0.7973908650560162,0.7690479020563413,0.5,0.1,8,10,50
384,0.8152506611987757,0.7755854035421371,0.5,0.1,8,10,100
385,0.7073489643695581,0.70200879591109,0.5,0.1,8,100,10
386,0.7623844759442513,0.748365624628551,0.5,0.1,8,100,50
387,0.77751032658762,0.7636990372043266,0.5,0.1,8,100,100
388,0.8033342248373005,0.7335076667062879,0.5,0.1,10,1,10
389,0.8891266232801402,0.7658385831451325,0.5,0.1,10,1,50
390,0.929125434608184,0.7722572209675502,0.5,0.1,10,1,100
391,0.7535883034679505,0.733626530369666,0.5,0.1,10,10,10
392,0.8073459926896674,0.7667894924521573,0.5,0.1,10,10,50
393,0.8286529375055719,0.7752288125520028,0.5,0.1,10,10,100
394,0.7078541499509673,0.7021276595744681,0.5,0.1,10,100,10
395,0.7625924935365962,0.7496731249257103,0.5,0.1,10,100,50
396,0.7784612641526255,0.7650065375014858,0.5,0.1,10,100,100
397,0.7698136756708568,0.7642933555212171,0.5,1.0,3,1,10
398,0.8042554456033996,0.7778438131463211,0.5,1.0,3,1,50
399,0.8269293631689995,0.7776060858195649,0.5,1.0,3,1,100
400,0.7676740661495943,0.7647688101747295,0.5,1.0,3,10,10
401,0.7971234138658584,0.779983359087127,0.5,1.0,3,10,50
402,0.8118035125256308,0.7768929038392963,0.5,1.0,3,10,100
403,0.7548661258209266,0.7468203970046356,0.5,1.0,3,100,10
404,0.7740334611155686,0.7694044930464757,0.5,1.0,3,100,50
405,0.7740334611155686,0.7694044930464757,0.5,1.0,3,100,100
406,0.7940031499806841,0.7704742660168786,0.5,1.0,5,1,10
407,0.8679385456598615,0.7714251753239035,0.5,1.0,5,1,50
408,0.9237169772072152,0.7673838107690479,0.5,1.0,5,1,100
409,0.7811654928531099,0.7669083561155354,0.5,1.0,5,10,10
410,0.828444919913227,0.7751099488886247,0.5,1.0,5,10,50
411,0.8578348340316782,0.7738024485914656,0.5,1.0,5,10,100
412,0.7647321030578587,0.7579935813621775,0.5,1.0,5,100,10
413,0.7788178657395025,0.7727326756210626,0.5,1.0,5,100,50
414,0.7788178657395025,0.7727326756210626,0.5,1.0,5,100,100
415,0.8615197170960744,0.7626292642339237,0.5,1.0,8,1,10
416,0.9865085732964844,0.7587067633424462,0.5,1.0,8,1,50
417,0.9998216992065615,0.7595388089860929,0.5,1.0,8,1,100
418,0.8055332679563757,0.7648876738381077,0.5,1.0,8,10,10
419,0.8875516329380999,0.7701176750267443,0.5,1.0,8,10,50
420,0.9244301803809694,0.7689290383929632,0.5,1.0,8,10,100
421,0.76496983744911,0.7564483537382622,0.5,1.0,8,100,10
422,0.7820867136192089,0.7711874479971472,0.5,1.0,8,100,50
423,0.7820867136192089,0.7711874479971472,0.5,1.0,8,100,100
424,0.9204481293275089,0.7501485795792227,0.5,1.0,10,1,10
425,0.9997028320109358,0.7589444906692024,0.5,1.0,10,1,50
426,0.9999702832010936,0.7587067633424462,0.5,1.0,10,1,100
427,0.8182223410894178,0.7627481278973018,0.5,1.0,10,10,10
428,0.9101958337047933,0.7656008558183763,0.5,1.0,10,10,50
429,0.941309322159817,0.764174491857839,0.5,1.0,10,10,100
430,0.7667231285845889,0.7553785807678592,0.5,1.0,10,100,10
431,0.7831862351787465,0.7707119933436348,0.5,1.0,10,100,50
432,0.7831862351787465,0.7707119933436348,0.5,1.0,10,100,100
433,0.7158182520578883,0.7130631166052538,0.7,0.001,3,1,10
434,0.7132031737541232,0.7113990253179603,0.7,0.001,3,1,50
435,0.7162045704436718,0.7172233448234875,0.7,0.001,3,1,100
436,0.7128762889661525,0.7084274337335077,0.7,0.001,3,10,10
437,0.7108555466405159,0.7084274337335077,0.7,0.001,3,10,50
438,0.7156696680633562,0.7143706169024129,0.7,0.001,3,10,100
439,0.6967995007577784,0.6939260668013788,0.7,0.001,3,100,10
440,0.70509048765267,0.703197432544871,0.7,0.001,3,100,50
441,0.7063980268045527,0.7035540235350054,0.7,0.001,3,100,100
442,0.7527562330985706,0.7432544871032926,0.7,0.001,5,1,10
443,0.7519538795280972,0.7424224414596458,0.7,0.001,5,1,50
444,0.7519538795280972,0.7415903958159991,0.7,0.001,5,1,100
445,0.745237882975246,0.7355283489837157,0.7,0.001,5,10,10
446,0.7479718284746367,0.7407583501723524,0.7,0.001,5,10,50
447,0.748417580458233,0.7411149411624867,0.7,0.001,5,10,100
448,0.7266351668598259,0.7216213003684774,0.7,0.001,5,100,10
449,0.7292205283646845,0.7243551646261738,0.7,0.001,5,100,50
450,0.7294879795548423,0.7257815285867111,0.7,0.001,5,100,100
451,0.7931413628123979,0.7651254011648639,0.7,0.001,8,1,10
452,0.7923687260408309,0.7651254011648639,0.7,0.001,8,1,50
453,0.7940031499806841,0.7663140377986449,0.7,0.001,8,1,100
454,0.7743603459035393,0.7565672174016403,0.7,0.001,8,10,10
455,0.7775994769843393,0.7578747176987994,0.7,0.001,8,10,50
456,0.7787287153427833,0.7588256270058243,0.7,0.001,8,10,100
457,0.7360553921131616,0.7281588018542732,0.7,0.001,8,100,10
458,0.7390865056016166,0.7318435754189944,0.7,0.001,8,100,50
459,0.7392053727972423,0.7325567573992631,0.7,0.001,8,100,100
460,0.8239576832783573,0.7658385831451325,0.7,0.001,10,1,10
461,0.8248789040444563,0.7679781290859384,0.7,0.001,10,1,50
462,0.8255326736203976,0.7680969927493165,0.7,0.001,10,1,100
463,0.7828593503907759,0.7582313086889338,0.7,0.001,10,10,10
464,0.7852069775043832,0.7598953999762272,0.7,0.001,10,10,50
465,0.7854149950967282,0.7613217639367645,0.7,0.001,10,10,100
466,0.7369171792814478,0.7294663021514323,0.7,0.001,10,100,10
467,0.7399780095688092,0.7318435754189944,0.7,0.001,10,100,50
468,0.7399780095688092,0.7331510757161536,0.7,0.001,10,100,100
469,0.7162045704436718,0.71330084393201,0.7,0.01,3,1,10
470,0.7178984279813378,0.7161535718530845,0.7,0.01,3,1,50
471,0.725595078898101,0.7241174372994176,0.7,0.01,3,1,100
472,0.7140649609224095,0.7116367526447165,0.7,0.01,3,10,10
473,0.7160559864491397,0.7150837988826816,0.7,0.01,3,10,50
474,0.7253870613057561,0.7237608463092833,0.7,0.01,3,10,100
475,0.6965914831654334,0.6936883394746226,0.7,0.01,3,100,10
476,0.7097560250809782,0.7066444787828361,0.7,0.01,3,100,50
477,0.7174823927966479,0.7142517532390348,0.7,0.01,3,100,100
478,0.7495765356155835,0.7388565315583027,0.7,0.01,5,1,10
479,0.7528751002941964,0.7432544871032926,0.7,0.01,5,1,50
480,0.7599179816350182,0.7503863069059789,0.7,0.01,5,1,100
481,0.7466940061216606,0.7374301675977654,0.7,0.01,5,10,10
482,0.7508246411696532,0.7428978961131583,0.7,0.01,5,10,50
483,0.7574514873257853,0.7489599429454415,0.7,0.01,5,10,100
484,0.7271997860390479,0.7232853916557709,0.7,0.01,5,100,10
485,0.7318356066684497,0.7276833472007608,0.7,0.01,5,100,50
486,0.7367388784880092,0.7327944847260193,0.7,0.01,5,100,100
487,0.792101274850673,0.7631047188874361,0.7,0.01,8,1,10
488,0.7992333065882143,0.7653631284916201,0.7,0.01,8,1,50
489,0.8048497815815281,0.76976108403661,0.7,0.01,8,1,100
490,0.7753707170663576,0.7568049447283965,0.7,0.01,8,10,10
491,0.7802739888859173,0.7610840366100083,0.7,0.01,8,10,50
492,0.7854149950967282,0.7640556281944609,0.7,0.01,8,10,100
493,0.7373034976672312,0.730179484131701,0.7,0.01,8,100,10
494,0.7430982734539835,0.73588493997385,0.7,0.01,8,100,50
495,0.7472289085019762,0.7406394865089742,0.7,0.01,8,100,100
496,0.8248194704466435,0.7658385831451325,0.7,0.01,10,1,10
497,0.8335264925262251,0.7702365386901224,0.7,0.01,10,1,50
498,0.8418769130189296,0.7711874479971472,0.7,0.01,10,1,100
499,0.7838697215535942,0.7581124450255556,0.7,0.01,10,10,10
500,0.7885352589819025,0.7639367645310828,0.7,0.01,10,10,50
501,0.7935573979970878,0.7663140377986449,0.7,0.01,10,10,100
502,0.7380761344387983,0.7305360751218353,0.7,0.01,10,100,10
503,0.7441383614157083,0.7367169856174968,0.7,0.01,10,100,50
504,0.7483284300615137,0.741471532152621,0.7,0.01,10,100,100
505,0.7232771685834002,0.722334482348746,0.7,0.1,3,1,10
506,0.7606906184065853,0.7553785807678592,0.7,0.1,3,1,50
507,0.7779857953701227,0.7710685843337691,0.7,0.1,3,1,100
508,0.723336602181213,0.7216213003684774,0.7,0.1,3,10,10
509,0.7601557160262696,0.7537144894805657,0.7,0.1,3,10,50
510,0.7754895842619833,0.7705931296802567,0.7,0.1,3,10,100
511,0.7172149416064901,0.7148460715559254,0.7,0.1,3,100,10
512,0.7491605004308936,0.7425413051230239,0.7,0.1,3,100,50
513,0.7651184214436421,0.7621538095804112,0.7,0.1,3,100,100
514,0.7599179816350182,0.7487222156186853,0.7,0.1,5,1,10
515,0.7897536477370658,0.7755854035421371,0.7,0.1,5,1,50
516,0.8057115687498143,0.7779626768096993,0.7,0.1,5,1,100
517,0.7567085673531248,0.7469392606680137,0.7,0.1,5,10,10
518,0.7857715966836052,0.7726138119576845,0.7,0.1,5,10,50
519,0.7954295563281923,0.7768929038392963,0.7,0.1,5,10,100
520,0.7343615345754956,0.7280399381908951,0.7,0.1,5,100,10
521,0.76455380226442,0.7559728990847497,0.7,0.1,5,100,50
522,0.7772725921963686,0.7679781290859384,0.7,0.1,5,100,100
523,0.8046417639891831,0.7660763104718887,0.7,0.1,8,1,10
524,0.8417283290243975,0.774277903244978,0.7,0.1,8,1,50
525,0.8757837805711569,0.7779626768096993,0.7,0.1,8,1,100
526,0.7838994383525006,0.7631047188874361,0.7,0.1,8,10,10
527,0.803928560815429,0.7759419945322715,0.7,0.1,8,10,50
528,0.8207185521975573,0.7784381314632117,0.7,0.1,8,10,100
529,0.744049211018989,0.7367169856174968,0.7,0.1,8,100,10
530,0.7706160292413301,0.7594199453227148,0.7,0.1,8,100,50
531,0.781878696026864,0.7719006299774159,0.7,0.1,8,100,100
532,0.8403019226768892,0.7690479020563413,0.7,0.1,10,1,10
533,0.8949213990668925,0.7735647212647094,0.7,0.1,10,1,50
534,0.9338504056343051,0.7714251753239035,0.7,0.1,10,1,100
535,0.7909126028944162,0.7636990372043266,0.7,0.1,10,10,10
536,0.814923776410805,0.7759419945322715,0.7,0.1,10,10,50
537,0.8377462779709369,0.7802210864138833,0.7,0.1,10,10,100
538,0.7449704317850881,0.736954712944253,0.7,0.1,10,100,10
539,0.7721910195833704,0.7601331273029834,0.7,0.1,10,100,50
540,0.7830970847820273,0.7703554023535005,0.7,0.1,10,100,100
541,0.7764702386258953,0.7669083561155354,0.7,1.0,3,1,10
542,0.8075540102820125,0.7793890407702365,0.7,1.0,3,1,50
543,0.8285043535110398,0.7752288125520028,0.7,1.0,3,1,100
544,0.7764702386258953,0.770949720670391,0.7,1.0,3,10,10
545,0.7995007577783722,0.7770117675026744,0.7,1.0,3,10,50
546,0.8123086981070399,0.7783192677998336,0.7,1.0,3,10,100
547,0.7649104038512972,0.760727445619874,0.7,1.0,3,100,10
548,0.7741820451101007,0.766432901462023,0.7,1.0,3,100,50
549,0.7741820451101007,0.766432901462023,0.7,1.0,3,100,100
550,0.8011351817182253,0.772019493640794,0.7,1.0,5,1,10
551,0.8776856557011679,0.7714251753239035,0.7,1.0,5,1,50
552,0.933493804047428,0.7631047188874361,0.7,1.0,5,1,100
553,0.7910314700900419,0.7740401759182218,0.7,1.0,5,10,10
554,0.8368844908026507,0.7740401759182218,0.7,1.0,5,10,50
555,0.8674333600784524,0.7745156305717342,0.7,1.0,5,10,100
556,0.773914593919943,0.7665517651254011,0.7,1.0,5,100,10
557,0.7791150337285667,0.7702365386901224,0.7,1.0,5,100,50
558,0.7791150337285667,0.7702365386901224,0.7,1.0,5,100,100
559,0.8732875694630174,0.7676215380958041,0.7,1.0,8,1,10
560,0.9936406050340257,0.7615594912635207,0.7,1.0,8,1,50
561,0.9999702832010936,0.759657672649471,0.7,1.0,8,1,100
562,0.8168553683397225,0.7734458576013312,0.7,1.0,8,10,10
563,0.9002109892722356,0.7680969927493165,0.7,1.0,8,10,50
564,0.9362871831446317,0.764174491857839,0.7,1.0,8,10,100
565,0.7762622210335502,0.7647688101747295,0.7,1.0,8,100,10
566,0.7846720751240677,0.7734458576013312,0.7,1.0,8,100,50
567,0.7846720751240677,0.7734458576013312,0.7,1.0,8,100,100
568,0.9341772904222757,0.7588256270058243,0.7,1.0,10,1,10
569,0.9999702832010936,0.7590633543325805,0.7,1.0,10,1,50
570,0.9999702832010936,0.7587067633424462,0.7,1.0,10,1,100
571,0.8328430061513774,0.76976108403661,0.7,1.0,10,10,10
572,0.9253514011470685,0.7665517651254011,0.7,1.0,10,10,50
573,0.9560488544174022,0.7634613098775704,0.7,1.0,10,10,100
574,0.7786989985438768,0.7665517651254011,0.7,1.0,10,100,10
575,0.7852069775043832,0.7721383573041721,0.7,1.0,10,100,50
576,0.7852069775043832,0.7721383573041721,0.7,1.0,10,100,100
577,0.7107663962437967,0.7053369784856769,0.9,0.001,3,1,10
578,0.7131734569552168,0.7072387970997266,0.9,0.001,3,1,50
579,0.7128465721672461,0.708784024723642,0.9,0.001,3,1,100
580,0.7116876170098957,0.7061690241293237,0.9,0.001,3,10,10
581,0.7149564648896021,0.7102103886841793,0.9,0.001,3,10,50
582,0.7157291016611691,0.7127065256151195,0.9,0.001,3,10,100
583,0.7013758877893673,0.6982051586829906,0.9,0.001,3,100,10
584,0.703961249294226,0.7005824319505527,0.9,0.001,3,100,50
585,0.704525868473448,0.7010578866040651,0.9,0.001,3,100,100
586,0.7536180202668569,0.7432544871032926,0.9,0.001,5,1,10
587,0.7543015066417046,0.7487222156186853,0.9,0.001,5,1,50
588,0.7551038602121779,0.7481278973017949,0.9,0.001,5,1,100
589,0.7489524828385486,0.7420658504695115,0.9,0.001,5,10,10
590,0.7506760571751211,0.7439676690835612,0.9,0.001,5,10,50
591,0.7515972779412202,0.7444431237370736,0.9,0.001,5,10,100
592,0.7344804017711212,0.7276833472007608,0.9,0.001,5,100,10
593,0.7392053727972423,0.7304172114584572,0.9,0.001,5,100,50
594,0.7304092003209415,0.7238797099726614,0.9,0.001,5,100,100
595,0.7952215387358473,0.7631047188874361,0.9,0.001,8,1,10
596,0.7950729547413152,0.7680969927493165,0.9,0.001,8,1,50
597,0.7950432379424088,0.7658385831451325,0.9,0.001,8,1,100
598,0.7795013521143502,0.7568049447283965,0.9,0.001,8,10,10
599,0.7810169088585778,0.7582313086889338,0.9,0.001,8,10,50
600,0.7822947312115539,0.7606085819564959,0.9,0.001,8,10,100
601,0.7497548364090221,0.7402828955188399,0.9,0.001,8,100,10
602,0.7549849930165523,0.7468203970046356,0.9,0.001,8,100,50
603,0.747496359692134,0.7394508498751932,0.9,0.001,8,100,100
604,0.8272562479569701,0.7648876738381077,0.9,0.001,10,1,10
605,0.826335027190871,0.7684535837394508,0.9,0.001,10,1,50
606,0.8279397343318178,0.7685724474028289,0.9,0.001,10,1,100
607,0.7895159133458144,0.7593010816593367,0.9,0.001,10,10,10
608,0.7910909036878547,0.7635801735409485,0.9,0.001,10,10,50
609,0.7915069388725446,0.7627481278973018,0.9,0.001,10,10,100
610,0.7507652075718404,0.7407583501723524,0.9,0.001,10,100,10
611,0.7559953641793706,0.7469392606680137,0.9,0.001,10,100,50
612,0.7547472586253009,0.7455128967074766,0.9,0.001,10,100,100
613,0.7149267480906957,0.7090217520503982,0.9,0.01,3,1,10
614,0.7188493655463434,0.7168667538333532,0.9,0.01,3,1,50
615,0.7250601765177855,0.7226910733388803,0.9,0.01,3,1,100
616,0.7185819143561856,0.7148460715559254,0.9,0.01,3,10,10
617,0.7185521975572792,0.7159158445263283,0.9,0.01,3,10,50
618,0.7237229205669965,0.721145845714965,0.9,0.01,3,10,100
619,0.702475409348905,0.6976108403661001,0.9,0.01,3,100,10
620,0.7085079195269086,0.7079519790799953,0.9,0.01,3,100,50
621,0.7157885352589819,0.7149649352193035,0.9,0.01,3,100,100
622,0.7530236842887285,0.7442053964103174,0.9,0.01,5,1,10
623,0.7561142313749963,0.745988351360989,0.9,0.01,5,1,50
624,0.7650589878458293,0.7537144894805657,0.9,0.01,5,1,100
625,0.7502600219904312,0.7420658504695115,0.9,0.01,5,10,10
626,0.7520727467237229,0.7440865327469393,0.9,0.01,5,10,50
627,0.7612849543847137,0.7524069891834066,0.9,0.01,5,10,100
628,0.7283884579953047,0.7230476643290146,0.9,0.01,5,100,10
629,0.73664972809129,0.7287531201711637,0.9,0.01,5,100,50
630,0.7407209295414698,0.7348151670034471,0.9,0.01,5,100,100
631,0.7942408843719354,0.7642933555212171,0.9,0.01,8,1,10
632,0.8015809337018216,0.7679781290859384,0.9,0.01,8,1,50
633,0.8059493031410656,0.7692856293830976,0.9,0.01,8,1,100
634,0.7800065376957594,0.7591822179959586,0.9,0.01,8,10,10
635,0.7848206591185998,0.7651254011648639,0.9,0.01,8,10,50
636,0.789278178954563,0.7684535837394508,0.9,0.01,8,10,100
637,0.7464859885293156,0.7380244859146559,0.9,0.01,8,100,10
638,0.7498439868057413,0.74277903244978,0.9,0.01,8,100,50
639,0.7534694362723248,0.7439676690835612,0.9,0.01,8,100,100
640,0.8260675760007132,0.766432901462023,0.9,0.01,10,1,10
641,0.8335264925262251,0.7690479020563413,0.9,0.01,10,1,50
642,0.8424118153992451,0.7715440389872816,0.9,0.01,10,1,100
643,0.7911503372856676,0.7616783549268988,0.9,0.01,10,10,10
644,0.7949540875456895,0.7663140377986449,0.9,0.01,10,10,50
645,0.7992927401860271,0.7679781290859384,0.9,0.01,10,10,100
646,0.7517755787346587,0.7423035777962677,0.9,0.01,10,100,10
647,0.7514189771477816,0.7418281231427553,0.9,0.01,10,100,50
648,0.7556090457935871,0.7453940330440985,0.9,0.01,10,100,100
649,0.729042227571246,0.7274456198740045,0.9,0.1,3,1,10
650,0.7617009895694036,0.7570426720551527,0.9,0.1,3,1,50
651,0.7784612641526255,0.7727326756210626,0.9,0.1,3,1,100
652,0.7282398740007726,0.7262569832402235,0.9,0.1,3,10,10
653,0.7618198567650293,0.7577558540354213,0.9,0.1,3,10,50
654,0.7766188226204274,0.7710685843337691,0.9,0.1,3,10,100
655,0.7160857032480461,0.7147272078925473,0.9,0.1,3,100,10
656,0.7524590651095064,0.74717698799477,0.9,0.1,3,100,50
657,0.7663962437966182,0.7640556281944609,0.9,0.1,3,100,100
658,0.7636622982972274,0.7509806252228693,0.9,0.1,5,1,10
659,0.7905857181064456,0.7752288125520028,0.9,0.1,5,1,50
660,0.8066327895159133,0.7774872221561868,0.9,0.1,5,1,100
661,0.7604231672164274,0.7490788066088196,0.9,0.1,5,10,10
662,0.7862767822650144,0.7748722215618685,0.9,0.1,5,10,50
663,0.7970342634691391,0.7758231308688934,0.9,0.1,5,10,100
664,0.7411963983239725,0.7344585760133128,0.9,0.1,5,100,10
665,0.7671094469703723,0.7610840366100083,0.9,0.1,5,100,50
666,0.7784018305548126,0.770949720670391,0.9,0.1,5,100,100
667,0.8035422424296454,0.7678592654225603,0.9,0.1,8,1,10
668,0.8406882410626727,0.7782004041364555,0.9,0.1,8,1,50
669,0.8783097084782028,0.7768929038392963,0.9,0.1,8,1,100
670,0.7873168702267391,0.7669083561155354,0.9,0.1,8,10,10
671,0.8064842055213812,0.7780815404730774,0.9,0.1,8,10,50
672,0.824997771240082,0.7795079044336146,0.9,0.1,8,10,100
673,0.752221330718255,0.7457506240342328,0.9,0.1,8,100,10
674,0.7735579923330659,0.765244264828242,0.9,0.1,8,100,50
675,0.7839588719503136,0.7733269939379531,0.9,0.1,8,100,100
676,0.8399453210900122,0.7684535837394508,0.9,0.1,10,1,10
677,0.8970907253870614,0.7739213122548437,0.9,0.1,10,1,50
678,0.9383079254702683,0.7758231308688934,0.9,0.1,10,1,100
679,0.7973908650560162,0.7677404017591822,0.9,0.1,10,10,10
680,0.819143561855517,0.7760608581956496,0.9,0.1,10,10,50
681,0.845145760898636,0.7782004041364555,0.9,0.1,10,10,100
682,0.7527562330985706,0.7445619874004517,0.9,0.1,10,100,10
683,0.7769754242073044,0.7665517651254011,0.9,0.1,10,100,50
684,0.7849989599120383,0.7735647212647094,0.9,0.1,10,100,100
685,0.7790853169296603,0.7705931296802567,0.9,1.0,3,1,10
686,0.8090398502273335,0.7768929038392963,0.9,1.0,3,1,50
687,0.8321892365754361,0.7751099488886247,0.9,1.0,3,1,100
688,0.7756381682565154,0.7661951741352668,0.9,1.0,3,10,10
689,0.8005705625390033,0.7762985855224058,0.9,1.0,3,10,50
690,0.8148346260140857,0.7770117675026744,0.9,1.0,3,10,100
691,0.7637811654928531,0.7581124450255556,0.9,1.0,3,100,10
692,0.7747466642893227,0.768691311066207,0.9,1.0,3,100,50
693,0.7747466642893227,0.768691311066207,0.9,1.0,3,100,100
694,0.8003922617455648,0.7713063116605253,0.9,1.0,5,1,10
695,0.8848176874387091,0.766432901462023,0.9,1.0,5,1,50
696,0.9432706308876407,0.7622726732437893,0.9,1.0,5,1,100
697,0.7944786187631868,0.7722572209675502,0.9,1.0,5,10,10
698,0.8411934266440819,0.7682158564126946,0.9,1.0,5,10,50
699,0.873465870256456,0.7698799476999881,0.9,1.0,5,10,100
700,0.7751329826751062,0.7653631284916201,0.9,1.0,5,100,10
701,0.7806900240706072,0.7708308570070129,0.9,1.0,5,100,50
702,0.7806900240706072,0.7708308570070129,0.9,1.0,5,100,100
703,0.8740602062345844,0.770949720670391,0.9,1.0,8,1,10
704,0.9949184273870019,0.7631047188874361,0.9,1.0,8,1,50
705,0.9999702832010936,0.7612029002733864,0.9,1.0,8,1,100
706,0.822323259338504,0.7758231308688934,0.9,1.0,8,10,10
707,0.9137024159757511,0.7695233567098538,0.9,1.0,8,10,50
708,0.9454993908056224,0.7657197194817544,0.9,1.0,8,10,100
709,0.7827701999940566,0.7689290383929632,0.9,1.0,8,100,10
710,0.7866631006507979,0.7740401759182218,0.9,1.0,8,100,50
711,0.7866631006507979,0.7740401759182218,0.9,1.0,8,100,100
712,0.9361980327479124,0.7657197194817544,0.9,1.0,10,1,10
713,0.9999702832010936,0.7623915369071674,0.9,1.0,10,1,50
714,0.9999702832010936,0.7603708546297396,0.9,1.0,10,1,100
715,0.8419363466167424,0.7729704029478188,0.9,1.0,10,10,10
716,0.9391399958396481,0.7670272197789136,0.9,1.0,10,10,50
717,0.96237853258447,0.7660763104718887,0.9,1.0,10,10,100
718,0.7849692431131319,0.7701176750267443,0.9,1.0,10,100,10
719,0.7881786573950255,0.7735647212647094,0.9,1.0,10,100,50
720,0.7881786573950255,0.7735647212647094,0.9,1.0,10,100,100
